<object type="list" elementType="Object" length="4" id="0"><object type="Course" id="1"><field name="code" type="int" value="6756" /><field name="name" type="string" value="XML and Related Technologies" /><field name="term" type="int" value="3" /></object><object type="Course" id="2"><field name="code" type="int" value="9865" /><field name="name" type="string" value="Object Oriented Programming" /><field name="term" type="int" value="2" /></object><object type="Course" id="3"><field name="code" type="int" value="1134" /><field name="name" type="string" value="E-Commerce Programming" /><field name="term" type="int" value="2" /></object><object type="Course" id="4"><field name="code" type="int" value="4598" /><field name="name" type="string" value="Enterprise Component Architecture" /><field name="term" type="int" value="3" /></object></object>