<object type="Student" id="0"><field name="name" type="string" value="Carlos Jaimez" /><field name="registrationNumber" type="int" value="76453" /><field name="courses"><object type="array" elementType="Course" length="3" id="1"><object type="Course" id="2"><field name="code" type="int" value="6756" /><field name="name" type="string" value="XML and Related Technologies" /><field name="term" type="int" value="2" /></object><object type="Course" id="3"><field name="code" type="int" value="9865" /><field name="name" type="string" value="Object Oriented Programming" /><field name="term" type="int" value="2" /></object><object type="Course" id="4"><field name="code" type="int" value="1134" /><field name="name" type="string" value="E-Commerce Programming" /><field name="term" type="int" value="3" /></object></object></field></object>